persona_id,altura_rel,tamano,color_ropa,cuadros,t_inicio_s,t_fin_s,cruzo_linea
8,0.0,?,gris,19,0.42,1.5,False
4,0.85,ADULTO,gris,42,0.04,2.71,False
14,1.251,ADULTO,gris,19,4.0,6.63,True
7,0.825,ADULTO,rojo,137,0.17,6.84,False
12,0.977,ADULTO,rojo,71,3.29,7.17,False
16,0.621,NINO,azul,32,5.8,7.38,False
10,0.741,ADULTO,negro,123,2.79,9.13,False
1,0.769,ADULTO,gris,196,0.04,11.22,False
2,0.957,ADULTO,rojo,212,0.04,11.59,True
18,0.845,ADULTO,rojo,166,7.17,15.27,False
3,0.901,ADULTO,negro,335,0.04,18.02,False
26,0.826,ADULTO,negro,129,12.6,18.73,False
20,0.875,ADULTO,negro,232,8.8,20.27,False
23,0.829,ADULTO,gris,260,10.72,21.73,False
36,0.665,NINO,gris,24,21.52,23.23,False
6,1.049,ADULTO,gris,467,0.04,23.61,True
28,0.8,ADULTO,negro,124,17.31,24.07,False
35,0.77,ADULTO,rojo,60,21.4,24.36,False
33,0.805,?,gris,77,21.23,24.86,True
40,0.786,ADULTO,negro,57,23.15,25.78,False
44,0.0,?,naranja,15,25.28,26.44,True
19,0.912,ADULTO,negro,388,7.22,26.86,False
43,0.912,ADULTO,naranja,136,24.77,30.45,True
34,0.837,ADULTO,gris,192,21.35,31.32,False
48,0.0,?,gris,45,28.82,31.61,False
31,1.035,ADULTO,rojo,342,19.69,35.54,True
24,0.824,ADULTO,gris,474,11.76,36.04,False
56,1.054,ADULTO,azul,23,35.83,37.25,False
55,0.0,?,gris,29,35.41,37.58,False
46,0.797,ADULTO,rojo,231,27.78,38.0,False
52,0.917,ADULTO,negro,89,34.33,38.04,False
5,1.02,ADULTO,negro,778,0.04,38.16,True
51,0.898,ADULTO,blanco,128,33.58,39.08,False
54,1.043,ADULTO,rojo,55,35.33,39.16,True
9,0.63,NINO,azul,782,2.67,39.79,True
60,0.857,ADULTO,azul,50,37.95,40.0,False
65,0.737,ADULTO,azul,36,39.62,41.58,False
11,1.112,ADULTO,azul,810,3.09,41.96,False
70,0.809,?,azul,15,41.29,42.38,False
42,0.828,ADULTO,gris,371,23.48,43.29,True
72,0.809,ADULTO,azul,37,41.75,43.63,False
66,0.686,NINO,negro,122,39.91,45.63,False
63,0.698,NINO,negro,133,39.37,45.8,False
53,0.88,ADULTO,azul,228,34.37,46.34,False
73,0.86,ADULTO,rojo,74,42.04,46.55,False
79,0.823,ADULTO,blanco,50,43.96,47.21,False
58,0.626,NINO,azul,243,36.62,48.72,True
83,0.0,?,rojo,32,45.59,48.76,False
77,0.864,ADULTO,blanco,80,43.5,49.17,False
80,0.904,ADULTO,rojo,85,44.59,49.26,False
93,1.14,ADULTO,gris,16,48.88,49.55,False
57,0.769,ADULTO,rojo,295,36.54,50.18,False
87,0.724,ADULTO,rojo,70,47.38,50.26,False
92,0.751,?,blanco,25,48.17,50.26,False
86,0.746,ADULTO,negro,75,47.21,50.93,False
64,0.819,ADULTO,azul,235,39.54,52.39,False
78,0.942,ADULTO,negro,162,43.75,52.55,True
76,0.596,NINO,rojo,206,43.21,53.34,False
85,0.592,NINO,azul,101,46.88,53.76,False
81,0.805,ADULTO,negro,167,44.63,54.51,False
100,0.0,?,negro,18,55.26,55.97,False
96,0.644,NINO,azul,146,50.05,56.68,False
88,1.049,ADULTO,gris,120,47.59,56.93,True
101,1.344,ADULTO,azul,29,56.01,59.14,False
67,1.039,ADULTO,rojo,419,40.67,60.23,True
104,0.0,?,rojo,46,58.48,60.35,False
98,0.806,ADULTO,negro,215,51.34,61.35,False
89,0.89,ADULTO,negro,289,47.63,61.73,True
59,1.077,ADULTO,gris,514,37.58,62.19,True
102,0.63,NINO,azul,110,56.68,62.44,False
112,0.0,?,gris,27,63.35,64.48,False
113,0.927,ADULTO,negro,19,63.9,64.65,False
103,0.638,NINO,negro,153,57.39,65.02,False
114,0.96,ADULTO,blanco,37,63.94,65.86,False
108,0.616,NINO,azul,160,60.44,67.57,False
91,1.116,ADULTO,negro,453,48.17,68.19,False
115,0.653,NINO,negro,117,64.02,68.86,False
121,0.818,ADULTO,blanco,38,67.32,69.69,False
120,0.519,NINO,negro,32,66.52,69.86,False
116,0.463,NINO,blanco,83,64.44,70.11,False
130,0.0,?,rojo,16,69.44,70.53,False
128,0.848,ADULTO,negro,35,69.24,70.65,False
97,1.154,?,negro,439,50.63,70.82,True
126,0.94,ADULTO,negro,62,68.69,71.53,False
136,0.818,ADULTO,negro,16,71.32,71.95,False
138,0.487,NINO,blanco,25,72.07,73.99,False
124,1.015,ADULTO,negro,112,68.44,74.78,False
133,0.0,?,rojo,118,69.9,77.58,True
139,0.0,?,rojo,78,75.24,79.75,False
143,0.573,NINO,blanco,15,80.58,81.25,False
129,0.653,NINO,azul,271,69.36,82.62,False
141,1.095,ADULTO,gris,123,78.45,83.71,False
105,0.96,ADULTO,negro,561,59.68,84.08,True
122,0.661,NINO,gris,381,67.53,84.88,False
148,0.588,NINO,blanco,19,84.25,85.79,False
106,0.701,ADULTO,gris,571,60.27,86.09,False
117,0.801,ADULTO,azul,480,65.23,86.59,False
125,1.131,ADULTO,rojo,369,68.57,86.67,False
140,1.087,ADULTO,gris,220,77.24,86.71,False
146,0.983,ADULTO,gris,126,83.29,88.63,False
151,0.793,ADULTO,blanco,89,85.21,89.67,False
155,0.0,?,negro,19,88.09,89.88,False
153,0.979,ADULTO,gris,81,86.25,91.09,False
142,0.998,ADULTO,gris,247,80.37,91.34,True
154,0.84,ADULTO,negro,92,87.5,91.42,False
158,0.865,ADULTO,negro,51,89.17,91.59,False
149,1.061,ADULTO,negro,155,84.42,91.72,True
156,0.801,ADULTO,negro,76,88.42,92.05,False
161,1.082,?,negro,39,89.88,92.09,False
163,0.0,?,rojo,17,91.01,92.63,False
166,0.926,?,negro,28,91.63,93.47,False
152,0.844,ADULTO,naranja,162,85.29,94.34,False
144,0.658,NINO,azul,296,81.04,94.55,False
164,0.762,ADULTO,negro,46,91.05,94.64,False
162,0.888,ADULTO,rojo,40,90.38,94.89,False
147,1.169,ADULTO,negro,206,83.58,95.35,True
178,1.034,ADULTO,negro,18,94.8,95.51,False
169,1.188,ADULTO,rojo,42,93.8,95.55,False
174,1.085,ADULTO,blanco,26,94.01,95.64,False
176,0.0,?,negro,19,94.55,95.97,False
134,0.868,ADULTO,negro,539,70.15,96.01,True
175,1.092,ADULTO,blanco,40,94.55,97.39,False
186,0.706,ADULTO,naranja,22,98.14,99.39,False
183,0.631,NINO,gris,63,97.1,100.18,False
187,1.152,ADULTO,azul,70,98.81,101.73,False
168,1.101,ADULTO,negro,181,93.55,102.89,True
180,1.057,ADULTO,rojo,166,95.14,102.98,False
179,0.949,ADULTO,negro,198,95.01,104.4,False
171,1.067,ADULTO,naranja,235,93.93,104.81,False
172,0.816,ADULTO,rojo,231,93.97,105.06,False
184,0.712,ADULTO,negro,143,97.43,105.69,False
182,1.208,ADULTO,blanco,216,96.1,106.11,True
192,1.164,ADULTO,rojo,110,101.98,106.98,False
181,0.99,ADULTO,rojo,242,95.22,107.44,False
193,0.917,ADULTO,gris,106,103.65,109.07,False
194,0.747,ADULTO,negro,101,103.65,109.15,False
198,1.161,ADULTO,gris,40,108.11,109.73,False
200,0.47,NINO,blanco,41,108.69,110.94,False
177,1.246,ADULTO,negro,298,94.72,111.61,False
185,0.644,NINO,blanco,328,97.43,113.2,False
189,0.856,ADULTO,gris,296,101.1,115.45,False
205,0.929,ADULTO,rojo,18,114.91,115.62,False
202,1.206,ADULTO,rojo,114,111.49,116.87,False
191,0.944,ADULTO,gris,307,101.39,116.95,False
195,0.627,NINO,negro,313,105.06,119.79,False
211,1.064,ADULTO,gris,31,118.58,119.83,False
213,0.0,?,negro,26,119.37,120.41,False
209,0.829,ADULTO,gris,88,118.49,123.71,False
218,0.8,?,azul,30,123.04,124.37,True
214,0.775,ADULTO,negro,87,120.5,124.54,False
207,0.636,NINO,gris,193,115.32,124.75,False
210,0.964,ADULTO,gris,118,118.54,124.83,False
216,1.098,ADULTO,negro,72,121.7,125.21,False
215,0.917,ADULTO,azul,106,120.54,127.21,False
221,2.727,ADULTO,blanco,40,125.92,127.59,True
196,0.89,ADULTO,blanco,424,105.86,127.92,True
222,0.0,?,gris,33,126.13,128.04,False
197,0.864,ADULTO,naranja,377,106.02,128.96,True
226,1.018,ADULTO,blanco,31,129.25,130.8,False
203,0.961,ADULTO,blanco,312,114.49,131.63,False
228,1.116,ADULTO,rojo,55,130.67,134.09,False
223,0.869,ADULTO,blanco,182,127.34,138.1,False
231,0.803,ADULTO,negro,188,135.09,143.1,True
233,0.84,ADULTO,blanco,180,135.39,144.94,False
234,0.937,ADULTO,blanco,131,136.89,145.23,True
239,0.875,ADULTO,negro,89,141.68,145.73,False
240,0.86,ADULTO,gris,98,141.81,146.1,True
212,0.878,ADULTO,negro,552,119.2,146.19,True
229,0.842,ADULTO,gris,218,132.8,146.86,False
244,0.605,NINO,azul,36,144.14,146.94,False
219,0.764,ADULTO,negro,435,125.0,149.82,False
236,1.004,ADULTO,naranja,206,140.22,149.98,False
237,0.992,ADULTO,blanco,207,140.39,149.86,False
242,0.826,ADULTO,gris,113,142.39,149.98,False
243,0.838,ADULTO,gris,67,144.02,149.98,False
246,0.545,NINO,blanco,106,144.94,149.98,False
247,0.647,NINO,blanco,90,146.1,149.82,False
248,0.735,ADULTO,azul,59,147.52,149.98,False
249,1.05,ADULTO,blanco,38,148.06,149.98,False
250,0.7,NINO,azul,25,148.94,149.94,False
